Ship_Mode,Total_Sales
"Same Day",78045.19055999997
"Second Class",178711.0766
"First Class",177588.5486
"Standard Class",196871.62459999995
